INSERT INTO WowUser (ID, USERNAME, PASSWORD, FIRSTNAME, LASTNAME, EMAIL, ENABLED, LASTPASSWORDRESETDATE) VALUES (1, 'admin', '$2a$08$lDnHPz7eUkSi6ao14Twuau08mzhWrL4kyZGGU5xfiGALO/Vxd5DOi', 'admin', 'admin', 'admin@admin.com', 1, PARSEDATETIME('01-01-2016', 'dd-MM-yyyy'));
INSERT INTO WowUser (ID, USERNAME, PASSWORD, FIRSTNAME, LASTNAME, EMAIL, ENABLED, LASTPASSWORDRESETDATE) VALUES (2, 'user', '$2a$08$UkVvwpULis18S19S5pZFn.YHPZt3oaqHZnDwqbCW9pft6uFtkXKDC', 'user', 'user', 'enabled@user.com', 1, PARSEDATETIME('01-01-2016','dd-MM-yyyy'));
INSERT INTO WowUser (ID, USERNAME, PASSWORD, FIRSTNAME, LASTNAME, EMAIL, ENABLED, LASTPASSWORDRESETDATE) VALUES (3, 'disabled', '$2a$08$UkVvwpULis18S19S5pZFn.YHPZt3oaqHZnDwqbCW9pft6uFtkXKDC', 'user', 'user', 'disabled@user.com', 0, PARSEDATETIME('01-01-2016','dd-MM-yyyy'));

INSERT INTO AUTHORITY (ID, NAME) VALUES (1, 'ROLE_USER');
INSERT INTO AUTHORITY (ID, NAME) VALUES (2, 'ROLE_ADMIN');

INSERT INTO USER_AUTHORITY (USER_ID, AUTHORITY_ID) VALUES (1, 1);
INSERT INTO USER_AUTHORITY (USER_ID, AUTHORITY_ID) VALUES (1, 2);
INSERT INTO USER_AUTHORITY (USER_ID, AUTHORITY_ID) VALUES (2, 1);
INSERT INTO USER_AUTHORITY (USER_ID, AUTHORITY_ID) VALUES (3, 1);

INSERT INTO CATEGORY (ID, NAME) values (1, 'Stole');
INSERT INTO CATEGORY (ID, NAME) values (2, 'Bag');
INSERT INTO CATEGORY (ID, NAME) values (3, 'Pouch');


INSERT INTO PRODUCT_SUB_CATEGORY (ID, SUBTYPE, CATEGORY) VALUES (1, 'LB', 1);
INSERT INTO PRODUCT_SUB_CATEGORY (ID, SUBTYPE, CATEGORY) VALUES (4, 'LLB', 1);
INSERT INTO PRODUCT_SUB_CATEGORY (ID, SUBTYPE, CATEGORY) VALUES (5, 'SSB', 1);
INSERT INTO PRODUCT_SUB_CATEGORY (ID, SUBTYPE, CATEGORY) VALUES (6, 'LCVBB', 1);
INSERT INTO PRODUCT_SUB_CATEGORY (ID, SUBTYPE, CATEGORY) VALUES (2, 'SB', 2);
INSERT INTO PRODUCT_SUB_CATEGORY (ID, SUBTYPE, CATEGORY) VALUES (3, 'PNM', 3);

INSERT INTO PRODUCT (ID, NAME, DESCRIPTION, CODE, PRICE, SIZE, CATEGORY, SUBTYPE) 
VALUES (1, 'Stole 1', 'DESC', 'CODE123', 100, '12', 'Stole', 'LB');
INSERT INTO PRODUCT (ID, NAME, DESCRIPTION, CODE, PRICE, SIZE, CATEGORY, SUBTYPE) 
VALUES (2, 'Stole 2', 'DESC', 'CODE124', 200, '12', 'Stole', 'LLB');
INSERT INTO PRODUCT (ID, NAME, DESCRIPTION, CODE, PRICE, SIZE, CATEGORY, SUBTYPE) 
VALUES (3, 'Bag 1', 'DESC', 'CODE125', 300, '12', 'Bag', 'SB');
INSERT INTO PRODUCT (ID, NAME, DESCRIPTION, CODE, PRICE, SIZE, CATEGORY, SUBTYPE) 
VALUES (4, 'Pouch 1', 'DESC', 'CODE126', 260, '12', 'Pouch', 'PNM');

INSERT INTO ORDERS (ID, USER_ID, PRODUCT_INFO, AMOUNT, PAYMENT_STATUS, PAYMENT_DATE, TRANSACTION_ID, MIH_PAY_ID, PAYMENT_MODE)
VALUES (1, 1, 'PRODUCT INFO', 123, 'Success', CURRENT_DATE(), 'txn123', 'payid123', 'DC')
